equity_original,equity_nn
10000.0,10000.0
10025.568559284085,10000.0
10051.553643072433,10000.0
10077.454098945096,10025.900455872663
10102.818800994264,10051.26515792183
10128.457466847956,10076.903823775523
10154.150506736652,10102.59686366422
10179.779744110978,10102.59686366422
10205.321171840262,10102.59686366422
10231.095375658078,10102.59686366422
10257.65712239516,10102.59686366422
10285.050152010395,10102.59686366422
10312.515101106239,10130.061812760063
10339.832546862648,10157.379258516472
10365.955896326188,10157.379258516472
10391.484741754386,10182.90810394467
10413.672502031653,10182.90810394467
10394.767314263183,10164.0029161762
10376.663947942461,10145.899549855478
10358.950805332148,10128.186407245164
10340.617172908285,10128.186407245164
10321.307371371842,10128.186407245164
10298.782533338002,10128.186407245164
10329.143594719342,10128.186407245164
10359.278879952908,10128.186407245164
10389.190216241219,10128.186407245164
10419.665049435274,10128.186407245164
10452.763122780649,10128.186407245164
10486.811326768764,10128.186407245164
10519.841822826924,10128.186407245164
10551.441569166644,10128.186407245164
10577.796873271618,10128.186407245164
10603.812519773111,10128.186407245164
10629.041334381642,10128.186407245164
10653.553819040455,10128.186407245164
10678.086826558461,10128.186407245164
10657.3823122683,10128.186407245164
10636.362411722079,10128.186407245164
10615.575377955945,10128.186407245164
10595.735995039178,10128.186407245164
10576.11371090218,10128.186407245164
10554.750161346396,10128.186407245164
10533.381134303525,10128.186407245164
10510.864191781573,10128.186407245164
10487.761322162974,10128.186407245164
10465.062954392133,10128.186407245164
10493.009267150699,10128.186407245164
10517.35091078765,10128.186407245164
10540.753844667053,10128.186407245164
10563.356548057302,10128.186407245164
10585.387636752264,10128.186407245164
10607.630790540445,10128.186407245164
10630.09946124554,10128.186407245164
10652.948962112325,10128.186407245164
10635.175047182713,10128.186407245164
10617.82496657843,10128.186407245164
10600.891325883382,10128.186407245164
10583.750099255838,10128.186407245164
10564.95325153919,10128.186407245164
10594.25672154512,10128.186407245164
10625.641849919972,10128.186407245164
10655.799483076085,10128.186407245164
10680.859620574709,10128.186407245164
10706.058319680573,10128.186407245164
10730.414247589142,10128.186407245164
10755.230452410493,10128.186407245164
10779.702642601747,10128.186407245164
10803.669669375322,10128.186407245164
10826.724779615963,10128.186407245164
10849.30451786397,10128.186407245164
10871.157124975958,10128.186407245164
10893.263110318787,10128.186407245164
10916.047246541146,10128.186407245164
10940.218244127085,10128.186407245164
10965.77703457519,10128.186407245164
10992.124489823877,10128.186407245164
11017.932862052568,10128.186407245164
11043.283486432336,10128.186407245164
11071.924559378534,10128.186407245164
11100.99127694688,10128.186407245164
11129.638957211235,10128.186407245164
11158.326102836172,10128.186407245164
11187.021295537006,10128.186407245164
11214.909681783764,10128.186407245164
11242.963197249503,10128.186407245164
11270.812904132867,10128.186407245164
11298.97336018974,10128.186407245164
11328.050926528267,10128.186407245164
11357.794374010024,10128.186407245164
11387.727568267637,10158.119601502778
11419.094105792563,10158.119601502778
11449.377333159458,10158.119601502778
11428.676876645439,10158.119601502778
11407.889315462777,10158.119601502778
11387.923717355663,10158.119601502778
11367.498519113342,10158.119601502778
11392.920624216036,10158.119601502778
11418.498265338181,10158.119601502778
11444.148939069904,10158.119601502778
11469.781735436862,10158.119601502778
11494.94076063475,10158.119601502778
11520.145590673415,10158.119601502778
11545.992911925836,10158.119601502778
11572.236846113352,10158.119601502778
11550.581335404411,10158.119601502778
11580.174366807645,10158.119601502778
11610.110746135202,10158.119601502778
11639.580269126862,10158.119601502778
11665.189476935908,10158.119601502778
11690.01231973404,10158.119601502778
11714.96207443052,10158.119601502778
11739.929717742429,10158.119601502778
11764.785379556613,10158.119601502778
11789.137051576034,10158.119601502778
11770.132952361606,10158.119601502778
11750.600574519638,10158.119601502778
11730.657646657453,10158.119601502778
11711.384944669353,10158.119601502778
11691.626001528617,10158.119601502778
11670.478411469363,10158.119601502778
11649.298506414341,10158.119601502778
11627.997188327536,10158.119601502778
11606.434524657645,10158.119601502778
11584.549188526675,10158.119601502778
11618.872912079583,10158.119601502778
11591.94671744028,10158.119601502778
11565.252388266284,10158.119601502778
11539.447637292216,10158.119601502778
11572.042437529974,10158.119601502778
11546.892020076568,10158.119601502778
11522.372352307335,10158.119601502778
11498.62122107519,10158.119601502778
11475.606582475697,10158.119601502778
11452.624434802954,10158.119601502778
11429.318160401479,10158.119601502778
11402.636636626894,10158.119601502778
11374.649524148708,10158.119601502778
11346.044359436823,10158.119601502778
11312.510992204358,10158.119601502778
11277.967145622424,10158.119601502778
11246.570618273578,10158.119601502778
11285.59874432581,10158.119601502778
11324.62486137431,10158.119601502778
11362.663412584525,10158.119601502778
11399.984924422582,10158.119601502778
11437.883464153903,10158.119601502778
11476.389244071826,10158.119601502778
11514.673175591593,10158.119601502778
11551.522554525129,10158.119601502778
11588.025549249125,10158.119601502778
11624.0497446848,10158.119601502778
11661.029347756767,10158.119601502778
11698.696129013324,10158.119601502778
11738.715290012717,10158.119601502778
11779.233082369296,10158.119601502778
11819.871046365583,10158.119601502778
11869.716360084558,10158.119601502778
11917.501294252179,10205.9045356704
11962.944447407826,10251.347688826047
12008.67022550548,10297.0734669237
12053.08704735509,10341.49028877331
12095.888402856064,10384.291644274284
12137.218246915007,10425.621488333227
12176.895973206345,10465.299214624565
12215.696677195623,10504.099918613843
12253.211637540579,10504.099918613843
12289.946964836341,10540.835245909606
12326.686897660084,10577.575178733348
12362.831079143738,10613.719360217003
12398.679247664275,10649.56752873754
12433.924003477987,10649.56752873754
12468.95129068447,10649.56752873754
12442.832958947676,10649.56752873754
12416.648804924225,10649.56752873754
12390.71206815245,10649.56752873754
12365.19938400723,10649.56752873754
12407.439981276313,10649.56752873754
12373.684131340708,10649.56752873754
12415.907857828463,10649.56752873754
12382.324529312558,10649.56752873754
12349.61997649422,10649.56752873754
12315.422891734333,10649.56752873754
12359.601636879737,10649.56752873754
12403.196185943327,10649.56752873754
12446.105410073802,10649.56752873754
12489.89256071728,10649.56752873754
12532.837772029081,10649.56752873754
12571.459495370069,10649.56752873754
12609.493980659916,10649.56752873754
12646.811717000488,10649.56752873754
12683.706716035484,10649.56752873754
12654.470431038058,10649.56752873754
12625.528199879735,10649.56752873754
12597.419007554148,10649.56752873754
12637.131476882952,10649.56752873754
12676.45021235345,10649.56752873754
12714.503295959983,10649.56752873754
12753.76687359462,10649.56752873754
12792.468795014285,10649.56752873754
12831.292035662902,10649.56752873754
12870.999344501795,10649.56752873754
12909.91331599059,10649.56752873754
12948.619146658757,10649.56752873754
12920.923901767594,10649.56752873754
12893.664031511513,10649.56752873754
12866.922723416581,10649.56752873754
12902.476041406233,10649.56752873754
12938.875578869838,10649.56752873754
12974.360835755686,10649.56752873754
13008.297131770223,10649.56752873754
13042.59512092658,10649.56752873754
13076.22896800034,10649.56752873754
13108.67468314026,10649.56752873754
13142.359976105006,10649.56752873754
13177.1820059562,10649.56752873754
13212.688134679629,10649.56752873754
13248.029553873706,10649.56752873754
13285.48944312535,10649.56752873754
13323.173667854555,10649.56752873754
13278.437502541034,10649.56752873754
13234.37105216062,10649.56752873754
13189.235073682381,10649.56752873754
13144.625939649015,10649.56752873754
13096.832146305194,10649.56752873754
13153.907866650256,10649.56752873754
13214.192464113527,10649.56752873754
13275.570990999064,10649.56752873754
13341.393880919562,10649.56752873754
13285.491185014334,10649.56752873754
13230.210110245194,10649.56752873754
13173.460551977421,10649.56752873754
13115.621676443061,10649.56752873754
13189.033776083277,10649.56752873754
13259.702154320621,10649.56752873754
13326.494247728511,10649.56752873754
13392.572606227803,10649.56752873754
13457.502510548573,10649.56752873754
13521.694536658932,10649.56752873754
13583.358616707836,10649.56752873754
13642.632419275567,10649.56752873754
13699.958093088462,10649.56752873754
13757.41759153972,10649.56752873754
13708.207667243785,10600.357604441604
13769.24060113639,10661.390538334208
13718.998948459026,10611.148885656845
13669.648887044332,10611.148885656845
13622.818082248545,10611.148885656845
13577.675192081027,10566.005995489328
13535.199735961478,10566.005995489328
13494.203999921896,10566.005995489328
13454.947970474426,10566.005995489328
13415.284503398205,10566.005995489328
13375.414129952427,10566.005995489328
13428.735140983239,10566.005995489328
13486.61888113685,10566.005995489328
13543.72521127949,10566.005995489328
13599.181089269085,10566.005995489328
13654.661533451386,10566.005995489328
13713.850475482273,10566.005995489328
13777.354465180597,10566.005995489328
13851.965312757611,10566.005995489328
13925.946869882697,10566.005995489328
14001.029772257776,10566.005995489328
14074.8353384141,10566.005995489328
14013.917397004047,10566.005995489328
13953.065022837569,10566.005995489328
13893.576378522268,10566.005995489328
13835.982682015203,10566.005995489328
13778.617106687214,10566.005995489328
13722.229038971938,10566.005995489328
13661.24011895061,10566.005995489328
13600.01327022545,10566.005995489328
13535.02260265923,10566.005995489328
13471.062713803096,10566.005995489328
13408.094239999187,10566.005995489328
13343.657805618772,10566.005995489328
13275.99540226553,10566.005995489328
13209.31460473216,10566.005995489328
13142.642424433318,10566.005995489328
13077.429696745106,10566.005995489328
13143.828285706664,10566.005995489328
13091.840784799506,10566.005995489328
13154.1119912096,10566.005995489328
13104.87051242996,10566.005995489328
13055.912018741721,10566.005995489328
13116.667413201283,10566.005995489328
13068.746274192037,10566.005995489328
13022.613754487023,10566.005995489328
12976.919271903796,10566.005995489328
12932.9001206658,10566.005995489328
12888.516656569802,10566.005995489328
12844.286308212804,10566.005995489328
12800.826710184878,10566.005995489328
12758.654237462517,10566.005995489328
12716.808369934612,10566.005995489328
12676.20294383727,10566.005995489328
12640.133422230116,10566.005995489328
12604.903185648473,10566.005995489328
12569.720811947662,10566.005995489328
12612.900778858932,10566.005995489328
12577.555649421274,10566.005995489328
12541.146583916663,10566.005995489328
12505.17817710881,10566.005995489328
12469.676096233661,10566.005995489328
12434.012724260308,10566.005995489328
12396.702427963624,10566.005995489328
12355.85504357707,10566.005995489328
12315.685374146698,10566.005995489328
12276.339263693495,10566.005995489328
12236.352194611949,10566.005995489328
12195.706961531158,10566.005995489328
12156.04495380435,10566.005995489328
12117.04451805803,10566.005995489328
12078.841239552517,10566.005995489328
12042.075360404542,10566.005995489328
12006.061313026064,10566.005995489328
12054.359125869418,10566.005995489328
12101.992809223959,10566.005995489328
12150.066929816569,10566.005995489328
12200.275752327703,10566.005995489328
12252.912530038935,10566.005995489328
12304.98955883999,10566.005995489328
12355.775371298112,10566.005995489328
12405.605047319494,10566.005995489328
12366.78788967526,10566.005995489328
12329.41768860383,10566.005995489328
12291.265364617859,10566.005995489328
12253.312481184457,10566.005995489328
12214.687649692727,10566.005995489328
12176.09028942362,10566.005995489328
12135.701334352307,10566.005995489328
12095.408744375372,10566.005995489328
12146.962643455743,10566.005995489328
12197.505542769211,10566.005995489328
12248.544062099128,10566.005995489328
12298.665558284943,10566.005995489328
12258.918161118338,10566.005995489328
12220.398451918989,10566.005995489328
12182.755875966022,10566.005995489328
12144.372776210152,10566.005995489328
12107.074183579702,10566.005995489328
12070.805484842498,10566.005995489328
12035.321687577594,10566.005995489328
12080.165394782392,10566.005995489328
12043.870058269542,10566.005995489328
12008.13295449868,10566.005995489328
11973.039935148952,10566.005995489328
11938.899291065276,10566.005995489328
11905.425835844719,10566.005995489328
11872.149061577416,10566.005995489328
11838.723502213135,10566.005995489328
11805.799768517732,10566.005995489328
11772.576279193428,10566.005995489328
11740.537308079789,10566.005995489328
11709.323972179624,10566.005995489328
11668.992731597404,10566.005995489328
11629.039447931771,10566.005995489328
11682.45665916197,10566.005995489328
11736.629783875725,10566.005995489328
11790.019127917963,10566.005995489328
11842.88066167147,10566.005995489328
11894.509235703745,10566.005995489328
11947.607176378802,10566.005995489328
12000.940971458767,10566.005995489328
12053.608066890163,10566.005995489328
12106.184648529585,10566.005995489328
12160.291474337619,10566.005995489328
12214.633519898203,10566.005995489328
12171.88802266034,10566.005995489328
12130.687209376967,10566.005995489328
12089.709305747763,10566.005995489328
12135.672570097851,10566.005995489328
12098.92273890207,10566.005995489328
12144.693085658333,10566.005995489328
12189.579829242273,10566.005995489328
12233.27467652111,10566.005995489328
12276.172790114693,10566.005995489328
12318.306766688198,10566.005995489328
12359.374044600203,10566.005995489328
12398.965081400189,10566.005995489328
12440.66959882116,10566.005995489328
12480.942358540964,10566.005995489328
12445.859742615181,10566.005995489328
12489.952078622786,10566.005995489328
12454.539516064557,10566.005995489328
12420.204999269416,10566.005995489328
12386.848645504286,10566.005995489328
12353.33775115988,10566.005995489328
12321.146217572215,10566.005995489328
12289.711222097956,10534.571000015068
12258.521583443287,10534.571000015068
12225.719792862166,10534.571000015068
12194.003844465411,10534.571000015068
12162.861886802353,10534.571000015068
12132.504343525941,10534.571000015068
12103.092344635344,10534.571000015068
12072.79833450479,10504.276989884514
12041.388159919275,10504.276989884514
12010.095843786297,10504.276989884514
11979.987270100319,10504.276989884514
11952.010670011494,10504.276989884514
11924.918187026742,10504.276989884514
11897.416600932747,10504.276989884514
11870.63368281868,10504.276989884514
11844.563830284189,10504.276989884514
11818.904659180733,10504.276989884514
11794.03830275431,10504.276989884514
11826.399651916081,10504.276989884514
11796.622655261981,10504.276989884514
11765.818317967101,10504.276989884514
11804.416230396426,10504.276989884514
11773.560655047142,10504.276989884514
11807.533171619947,10504.276989884514
11841.67910776791,10504.276989884514
11875.400313264678,10504.276989884514
11909.08426887105,10504.276989884514
11942.10507781581,10504.276989884514
11974.581536289068,10504.276989884514
12006.881104871378,10504.276989884514
12039.416425530399,10504.276989884514
12072.027766811989,10504.276989884514
12103.995447834626,10504.276989884514
12134.894008784218,10504.276989884514
12165.828379833392,10504.276989884514
12196.924595472805,10504.276989884514
12228.885381088867,10504.276989884514
12260.977525210032,10504.276989884514
12292.448794918524,10504.276989884514
12270.90911935813,10504.276989884514
12249.639437364549,10504.276989884514
12229.237595379438,10504.276989884514
12209.687307955764,10504.276989884514
12189.519147179739,10504.276989884514
12169.397289182358,10504.276989884514
12150.004113006218,10504.276989884514
12131.18472396766,10504.276989884514
12112.303857137214,10504.276989884514
12092.863057803586,10504.276989884514
12073.359464002717,10504.276989884514
12051.678084813446,10504.276989884514
12030.35681529841,10504.276989884514
12007.907070614805,10504.276989884514
12033.916589175966,10504.276989884514
12059.254006243918,10504.276989884514
12084.667315117285,10504.276989884514
12109.351115879163,10504.276989884514
12089.106012322125,10504.276989884514
12069.50698759059,10504.276989884514
12050.45075033988,10504.276989884514
12031.49853003565,10504.276989884514
12013.122891315648,10504.276989884514
11993.92266094172,10504.276989884514
12018.780071197174,10504.276989884514
12043.419115932149,10504.276989884514
12069.698235875787,10504.276989884514
12096.357425656039,10504.276989884514
12126.655251713148,10504.276989884514
12157.417504815285,10504.276989884514
12185.838222821203,10504.276989884514
12213.986039373573,10504.276989884514
12241.151896931131,10504.276989884514
12267.905900544845,10504.276989884514
12294.977489279901,10504.276989884514
12321.24395058299,10504.276989884514
12347.077107172465,10504.276989884514
12326.08101450957,10504.276989884514
12352.851451305787,10504.276989884514
12380.566856902275,10504.276989884514
12408.831120246336,10504.276989884514
12437.219399657339,10504.276989884514
12464.922857771127,10504.276989884514
12445.022321478937,10504.276989884514
12425.69754893976,10504.276989884514
12406.618586758215,10504.276989884514
12388.033825000353,10504.276989884514
12370.113711403767,10504.276989884514
12351.942175317934,10504.276989884514
12376.477007939882,10504.276989884514
12354.879703706436,10504.276989884514
12333.56792120395,10504.276989884514
12312.898386558785,10504.276989884514
12292.19226436056,10504.276989884514
12271.755835845799,10504.276989884514
12297.662446510252,10504.276989884514
12323.447170363852,10504.276989884514
12350.361598652016,10504.276989884514
12377.267839540133,10504.276989884514
12403.937962217491,10504.276989884514
12429.917361846467,10504.276989884514
12456.269675452837,10504.276989884514
12482.21108161411,10504.276989884514
12508.599474388864,10504.276989884514
12540.474354733278,10504.276989884514
12572.65818614684,10504.276989884514
12604.571771789791,10504.276989884514
12577.156928912449,10504.276989884514
12549.037398472774,10504.276989884514
12521.075010832361,10504.276989884514
12493.944255791263,10504.276989884514
12467.665697538814,10504.276989884514
12441.292053879815,10504.276989884514
12415.076516464316,10504.276989884514
12388.981701996361,10504.276989884514
12362.94511088326,10504.276989884514
12336.002539671093,10504.276989884514
12374.26086730575,10504.276989884514
12412.529342296859,10504.276989884514
12450.32146974396,10504.276989884514
12487.57124656984,10504.276989884514
12455.39057961682,10504.276989884514
12424.262828606874,10504.276989884514
12394.272774097637,10504.276989884514
12432.775856205806,10504.276989884514
12471.942989926785,10504.276989884514
12510.89819947573,10504.276989884514
12549.1566222935,10504.276989884514
12586.353687343037,10504.276989884514
12626.536676317606,10504.276989884514
12668.763723557386,10504.276989884514
12628.377928197122,10504.276989884514
12682.739998146535,10504.276989884514
12737.376219907597,10504.276989884514
12792.481296922335,10504.276989884514
12846.121767431556,10504.276989884514
12810.086256087603,10504.276989884514
12774.750435286076,10504.276989884514
12740.647167532872,10504.276989884514
12705.699853056683,10504.276989884514
12670.986296505786,10504.276989884514
12635.98654310138,10504.276989884514
12601.60105779729,10504.276989884514
12566.822563373738,10504.276989884514
12533.248252703654,10504.276989884514
12498.116933410953,10504.276989884514
12462.2488593672,10504.276989884514
12426.862796192645,10504.276989884514
12392.255731950201,10504.276989884514
12358.166303992932,10504.276989884514
12325.003269327253,10504.276989884514
12291.957571959123,10504.276989884514
12333.231438239374,10504.276989884514
12301.399298559068,10504.276989884514
12344.11876732862,10504.276989884514
12387.272580683828,10504.276989884514
12430.729686109646,10504.276989884514
12475.325562743888,10504.276989884514
12519.17885583506,10504.276989884514
12489.639457237654,10504.276989884514
12460.712861665063,10504.276989884514
12432.401028499442,10504.276989884514
12468.762977709537,10504.276989884514
12503.956216261768,10504.276989884514
12474.779752789866,10504.276989884514
12446.258750994528,10504.276989884514
12418.472117631,10504.276989884514
12391.721694686294,10504.276989884514
12364.859136773353,10504.276989884514
12336.66957406848,10504.276989884514
12305.487859592527,10504.276989884514
12272.97914146307,10504.276989884514
12314.483889626727,10504.276989884514
12278.867817107883,10504.276989884514
12243.0757441886,10504.276989884514
12208.411676477837,10504.276989884514
12174.886448424986,10504.276989884514
12141.527308090195,10504.276989884514
12183.46202455022,10504.276989884514
12226.91570378542,10504.276989884514
12269.722684671233,10504.276989884514
12310.857766252702,10504.276989884514
12351.54032805603,10504.276989884514
12318.736128127128,10504.276989884514
12284.835074175291,10504.276989884514
12249.3441122468,10504.276989884514
12213.0510817507,10504.276989884514
12174.76250013034,10504.276989884514
12142.10857454955,10504.276989884514
12110.655654813814,10504.276989884514
12079.712234925275,10504.276989884514
12048.693345028774,10504.276989884514
12090.316910937969,10504.276989884514
12132.32450785365,10504.276989884514
12176.099831391197,10504.276989884514
12140.952448191876,10504.276989884514
12185.019932597337,10504.276989884514
12229.154025259551,10504.276989884514
12191.934407987263,10504.276989884514
12154.836197529066,10504.276989884514
12121.291090601893,10504.276989884514
12088.484919883806,10504.276989884514
12055.74777252058,10504.276989884514
12024.217547513657,10504.276989884514
11993.522321837585,10504.276989884514
12029.022202200573,10504.276989884514
12062.6338332398,10504.276989884514
12096.558919204797,10504.276989884514
12129.94649205399,10504.276989884514
12163.606395079134,10504.276989884514
12196.819190075696,10504.276989884514
12229.045349882772,10504.276989884514
12260.698226511664,10504.276989884514
12233.489254499184,10504.276989884514
12208.331903023629,10504.276989884514
12183.354366866135,10504.276989884514
12153.303797577035,10504.276989884514
12119.239708683584,10504.276989884514
12082.031648461094,10504.276989884514
12042.052735397354,10504.276989884514
11998.015173266738,10504.276989884514
